{
    "global_settings_title": {
        "label": "Global Settings for one2Five Review",
        "description": "Global settings for one2Five review."
    },
    "pass_key": {
        "label": "Access Key",
        "description": "Access key for API."
    },
    "display_code": {
        "label": "Display Code",
        "description": "Display code for API."
    },
    "authentication_required": {
        "label": "Authentication Required",
        "description": "Enable if authentication is required before displaying reviews."
    },
    "sync_products": {
        "label": "Sync Products",
        "description": "Allows syncing products with the one2Five server."
    },
    "text_case": {
        "label": "Text Case",
        "description": "Select text case for the source of the button."
    },
    "primary_color": {
        "label": "Primary Color",
        "description": "Applies to all buttons in the one2Five plugin."
    },
    "accent_color": {
        "label": "Accent Color",
        "description": "Applies to stars and stripes."
    },
    "font_color": {
        "label": "Font Color",
        "description": "Applies to all buttons in the one2Five plugin."
    },
    "synced_products": {
        "label": "Synced Products",
        "description": "Number of synced products."
    },
    "unsynced_products": {
        "label": "Unsynced Products",
        "description": "Number of unsynced products."
    },
    "welcome": {
        "label": "Welcome!",
        "description": "Write a review for your product here so that we can build better mechanics, and it helps others make choices."
    },
    "write_review": {
        "label": "Write Your Review",
        "description": "Share your opinions either as a guest or by logging in!"
    },
    "your_rating": {
        "label": "Your Rating",
        "description": "Meghna"
    },
    "design": {
        "label": "Design",
        "description": "What do you think about your device’s design?"
    },
    "functionality": {
        "label": "Functionality",
        "description": "Is your device working as expected?"
    },
    "quality": {
        "label": "Quality",
        "description": "How good is your device?"
    },
    "your_nickname": {
        "label": "Your Nickname",
        "description": "Enter your nickname. This name will be visible with your review. Please don’t use your full name. If you do, the review will not be published."
    },
    "your_email": {
        "label": "Your Email Address",
        "description": "Please enter your email address to verify your review. We won’t send any spam!"
    },
    "review_title": {
        "label": "Give a Title to Your Review",
        "description": "Please provide a short title for your review!"
    },
    "write_your_review": {
        "label": "Write Your Review Here.",
        "description": "Write your honest opinions here. We thank you in advance for your honesty."
    },
    "useful_reviews": {
        "label": "Most Useful Customer Reviews",
        "description": "About the device, its usage, quality, and design. For questions on servicing, delivery, or installation, please contact our customer service."
    },
    "recommend_product": {
        "label": "Would You Recommend This Product?",
        "description": "Would you recommend this product?",
        "options": {
            "yes": "Yes",
            "no": "No"
        }
    },
    "terms_conditions": {
        "label": "I have read and agree to the terms and conditions.",
        "description": "I have read and agree to the terms and conditions."
    },
    "success": {
        "title": "🎉 Success!",
        "label": "Success",
        "description": "Success",
        "message": [
            "Thank you for your review! 🙌",
            "Your feedback is extremely valuable. It helps us improve our products and serve you better. 😊",
            "Stay tuned for more exciting updates and offers! 🚀"
        ],
        "closeButton": "Close"
    },
    "term_conditions": {
        "title": "Terms and Conditions",
        "label": "Terms and Conditions",
        "description": "Terms and Conditions"
    },
    "link": {
        "label": "URL",
        "description": "https://www.google.com/"
    },
    "manage_languages": {
        "label": "Manage Languages",
        "description": "Manage languages used for reviews.",
        "add_language": {
            "label": "Add Language",
            "placeholder": "Enter language name..."
        },
        "upload_json": {
            "label": "Upload JSON File",
            "description": "No file selected"
        },
        "download_template": {
            "label": "Download Default JSON Template"
        },
        "added_languages": {
            "label": "Added Languages",
            "headers": {
                "language": "Language",
                "json_file": "JSON File",
                "actions": "Actions"
            }
        },
        "language_file": {
            "label": "Language File",
            "description": "Download default JSON template."
        },
        "edit": {
            "label": "Edit"
        },
        "delete": {
            "label": "Delete"
        },
        "download_json": {
            "label": "Download JSON"
        }
    },
    "edit_language": {
        "page_title": "Edit Language",
        "add_entry_button": "Add New Entry",
        "existing_entries": "Existing Entries",
        "keyword": "Keyword",
        "label": "Label",
        "description": "Description",
        "actions": "Actions",
        "edit_entry": "Edit Entry",
        "delete_entry": "Delete Entry",
        "terms_conditions": "Edit Terms & Conditions URL",
        "save_entry_button": "Save Entry",
        "update_entry_button": "Update Entry"
    }
}
